image_name,input_feature,context_feature,correct_answer,llm_answer,evaluation
image.png,Question Topic.Eqn With Integrating Factor.Valid Input,Regular Image,C * exp(-2*x) - exp(-3*x),-exp(-3*x) + C*exp(-2*x),"Correct, Answers are mathematically equivalent!"
1.1.png,Derivatives,Regular Image,6*x**(-2/5) - (7/2)*x**(5/2) + 16*x**(5/3),6*x**(-2/5) - 7/2*x**(5/2) + 16*x**(5/3),"Correct, Answers are mathematically equivalent!"
1.2.png,Derivatives,Regular Image,10 * (log(x**2 + 1) - atan(6*x))**9 * (2*x/(x**2 + 1) - 6/(36*x**2 + 1)),\,Evaluation Error (SymPy Parse)
1.3.png,Derivatives,Regular Image,-3*x**(-4) - (3/2)*x**(-5/2) - (2/3)*x**(-2/3) - (11/3)*x**(5/6),y' = \,Evaluation Error (SymPy Parse)
2.1.png,Integrals,Regular Image,(3/8)*(13**(4/3) - 7**(4/3)) + (7/2)*(log(13) - log(7)),\frac{7}{2} \left[ \ln |u| \right]_{7}^{13} = \frac{7}{2} \left( \ln,Evaluation Error (SymPy Parse)
2.2.png,Integrals,Regular Image,(1/2)*((x + 2)*(x**2 + 4*x + 5)**(1/2) + log(Abs(x + 2 + (x**2 + 4*x + 5)**(1/2)))) + C,So the,Evaluation Error (SymPy Parse)
2.3.png,Integrals,Regular Image,-oo,-oo,"Correct, Answers are mathematically equivalent!"
5.1.PNG,Integrals,Missing Symbols,Unable to solve,-ax**3/(c*(by + cz)) - ny**2/(2*f*(mx + fz)**2),Evaluation Error (SymPy Parse)
5.2.PNG,Integrals,Missing Symbols,Unable to solve,Unable to solve,Unsolvable
5.3.PNG,Integrals,Unsolvable,Unsolvable,Unable to solve,Unsolvable
6.1.PNG,Conceptual,Regular Image,Derivatives and integrals are opposites,Unable to solve,Unsolvable
6.2.PNG,Conceptual,Regular Image,313920 * pi,235200*pi,"Incorrect, Answers are NOT mathematically equivalent!"
6.3.PNG,Integral,Regular Image,"Float(""179336475494.78165"")",Evaluate from \(-12428\) to \(599,Evaluation Error (SymPy Parse)
